bookID,title,authors,average_rating,isbn,isbn13,language_code,  num_pages,ratings_count,text_reviews_count,publication_date,publisher,author_list
1,Harry Potter and the Half-Blood Prince (Harry Potter  #6),J.K. Rowling/Mary GrandPré,4.57,0439785960,9780439785969,eng,652,2095690,27591,2006-09-16,Scholastic Inc.,J.K. Rowling
1,Harry Potter and the Half-Blood Prince (Harry Potter  #6),J.K. Rowling/Mary GrandPré,4.57,0439785960,9780439785969,eng,652,2095690,27591,2006-09-16,Scholastic Inc.,Mary GrandPré
2,Harry Potter and the Order of the Phoenix (Harry Potter  #5),J.K. Rowling/Mary GrandPré,4.49,0439358078,9780439358071,eng,870,2153167,29221,2004-09-01,Scholastic Inc.,J.K. Rowling
2,Harry Potter and the Order of the Phoenix (Harry Potter  #5),J.K. Rowling/Mary GrandPré,4.49,0439358078,9780439358071,eng,870,2153167,29221,2004-09-01,Scholastic Inc.,Mary GrandPré
4,Harry Potter and the Chamber of Secrets (Harry Potter  #2),J.K. Rowling,4.42,0439554896,9780439554893,eng,352,6333,244,2003-11-01,Scholastic,J.K. Rowling
5,Harry Potter and the Prisoner of Azkaban (Harry Potter  #3),J.K. Rowling/Mary GrandPré,4.56,043965548X,9780439655484,eng,435,2339585,36325,2004-05-01,Scholastic Inc.,J.K. Rowling
5,Harry Potter and the Prisoner of Azkaban (Harry Potter  #3),J.K. Rowling/Mary GrandPré,4.56,043965548X,9780439655484,eng,435,2339585,36325,2004-05-01,Scholastic Inc.,Mary GrandPré
8,Harry Potter Boxed Set  Books 1-5 (Harry Potter  #1-5),J.K. Rowling/Mary GrandPré,4.78,0439682584,9780439682589,eng,2690,41428,164,2004-09-13,Scholastic,J.K. Rowling
8,Harry Potter Boxed Set  Books 1-5 (Harry Potter  #1-5),J.K. Rowling/Mary GrandPré,4.78,0439682584,9780439682589,eng,2690,41428,164,2004-09-13,Scholastic,Mary GrandPré
9,"Unauthorized Harry Potter Book Seven News: ""Half-Blood Prince"" Analysis and Speculation",W. Frederick Zimmerman,3.74,0976540606,9780976540601,en-US,152,19,1,2005-04-26,Nimble Books,W. Frederick Zimmerman
10,Harry Potter Collection (Harry Potter  #1-6),J.K. Rowling,4.73,0439827604,9780439827607,eng,3342,28242,808,2005-09-12,Scholastic,J.K. Rowling
12,The Ultimate Hitchhiker's Guide: Five Complete Novels and One Story (Hitchhiker's Guide to the Galaxy  #1-5),Douglas Adams,4.38,0517226952,9780517226957,eng,815,3628,254,2005-11-01,Gramercy Books,Douglas Adams
13,The Ultimate Hitchhiker's Guide to the Galaxy (Hitchhiker's Guide to the Galaxy  #1-5),Douglas Adams,4.38,0345453743,9780345453747,eng,815,249558,4080,2002-04-30,Del Rey Books,Douglas Adams
14,The Hitchhiker's Guide to the Galaxy (Hitchhiker's Guide to the Galaxy  #1),Douglas Adams,4.22,1400052920,9781400052929,eng,215,4930,460,2004-08-03,Crown,Douglas Adams
16,The Hitchhiker's Guide to the Galaxy (Hitchhiker's Guide to the Galaxy  #1),Douglas Adams/Stephen Fry,4.22,0739322206,9780739322208,eng,6,1266,253,2005-03-23,Random House Audio,Douglas Adams
16,The Hitchhiker's Guide to the Galaxy (Hitchhiker's Guide to the Galaxy  #1),Douglas Adams/Stephen Fry,4.22,0739322206,9780739322208,eng,6,1266,253,2005-03-23,Random House Audio,Stephen Fry
18,The Ultimate Hitchhiker's Guide (Hitchhiker's Guide to the Galaxy  #1-5),Douglas Adams,4.38,0517149257,9780517149256,eng,815,2877,195,1996-01-17,Wings Books,Douglas Adams
21,A Short History of Nearly Everything,Bill Bryson,4.21,076790818X,9780767908184,eng,544,248558,9396,2004-09-14,Broadway Books,Bill Bryson
22,Bill Bryson's African Diary,Bill Bryson,3.44,0767915062,9780767915069,eng,55,7270,499,2002-12-03,Broadway Books,Bill Bryson
23,Bryson's Dictionary of Troublesome Words: A Writer's Guide to Getting It Right,Bill Bryson,3.87,0767910435,9780767910439,eng,256,2088,131,2004-09-14,Broadway Books,Bill Bryson
24,In a Sunburned Country,Bill Bryson,4.07,0767903862,9780767903868,eng,335,72451,4245,2001-05-15,Broadway Books,Bill Bryson
25,I'm a Stranger Here Myself: Notes on Returning to America After Twenty Years Away,Bill Bryson,3.9,076790382X,9780767903820,eng,304,49240,2211,2000-06-28,Broadway Books,Bill Bryson
26,The Lost Continent: Travels in Small Town America,Bill Bryson,3.83,0060920084,9780060920081,eng,299,45712,2257,1990-08-28,William Morrow Paperbacks,Bill Bryson
27,Neither Here nor There: Travels in Europe,Bill Bryson,3.86,0380713802,9780380713806,eng,254,48701,2238,1993-03-28,William Morrow Paperbacks,Bill Bryson
28,Notes from a Small Island,Bill Bryson,3.91,0380727501,9780380727506,eng,324,80609,3301,1997-05-28,William Morrow Paperbacks,Bill Bryson
29,The Mother Tongue: English and How It Got That Way,Bill Bryson,3.93,0380715430,9780380715435,eng,270,28489,2085,1991-09-28,William Morrow Paperbacks,Bill Bryson
30,J.R.R. Tolkien 4-Book Boxed Set: The Hobbit and The Lord of the Rings,J.R.R. Tolkien,4.59,0345538374,9780345538376,eng,1728,101233,1550,2012-09-25,Ballantine Books,J.R.R. Tolkien
31,The Lord of the Rings (The Lord of the Rings  #1-3),J.R.R. Tolkien,4.5,0618517650,9780618517657,eng,1184,1710,91,2004-10-21,Houghton Mifflin Harcourt,J.R.R. Tolkien
34,The Fellowship of the Ring (The Lord of the Rings  #1),J.R.R. Tolkien,4.36,0618346252,9780618346257,eng,398,2128944,13670,2003-09-05,Houghton Mifflin Harcourt,J.R.R. Tolkien
35,The Lord of the Rings (The Lord of the Rings  #1-3),J.R.R. Tolkien/Alan  Lee,4.5,0618260587,9780618260584,en-US,1216,1618,140,2002-10-01,Houghton Mifflin Harcourt,J.R.R. Tolkien
35,The Lord of the Rings (The Lord of the Rings  #1-3),J.R.R. Tolkien/Alan  Lee,4.5,0618260587,9780618260584,en-US,1216,1618,140,2002-10-01,Houghton Mifflin Harcourt,Alan  Lee
36,The Lord of the Rings: Weapons and Warfare,Chris   Smith/Christopher  Lee/Richard Taylor,4.53,0618391002,9780618391004,eng,218,19822,46,2003-11-05,Houghton Mifflin Harcourt,Chris   Smith
36,The Lord of the Rings: Weapons and Warfare,Chris   Smith/Christopher  Lee/Richard Taylor,4.53,0618391002,9780618391004,eng,218,19822,46,2003-11-05,Houghton Mifflin Harcourt,Christopher  Lee
36,The Lord of the Rings: Weapons and Warfare,Chris   Smith/Christopher  Lee/Richard Taylor,4.53,0618391002,9780618391004,eng,218,19822,46,2003-11-05,Houghton Mifflin Harcourt,Richard Taylor
37,The Lord of the Rings: Complete Visual Companion,Jude Fisher,4.5,0618510826,9780618510825,eng,224,359,6,2004-11-15,Houghton Mifflin Harcourt,Jude Fisher
45,Agile Web Development with Rails: A Pragmatic Guide,Dave Thomas/David Heinemeier Hansson/Leon Breedt/Mike Clark/Thomas  Fuchs/Andreas  Schwarz,3.84,097669400X,9780976694007,eng,558,1430,59,2005-07-28,Pragmatic Bookshelf,Dave Thomas
45,Agile Web Development with Rails: A Pragmatic Guide,Dave Thomas/David Heinemeier Hansson/Leon Breedt/Mike Clark/Thomas  Fuchs/Andreas  Schwarz,3.84,097669400X,9780976694007,eng,558,1430,59,2005-07-28,Pragmatic Bookshelf,David Heinemeier Hansson
45,Agile Web Development with Rails: A Pragmatic Guide,Dave Thomas/David Heinemeier Hansson/Leon Breedt/Mike Clark/Thomas  Fuchs/Andreas  Schwarz,3.84,097669400X,9780976694007,eng,558,1430,59,2005-07-28,Pragmatic Bookshelf,Leon Breedt
45,Agile Web Development with Rails: A Pragmatic Guide,Dave Thomas/David Heinemeier Hansson/Leon Breedt/Mike Clark/Thomas  Fuchs/Andreas  Schwarz,3.84,097669400X,9780976694007,eng,558,1430,59,2005-07-28,Pragmatic Bookshelf,Mike Clark
45,Agile Web Development with Rails: A Pragmatic Guide,Dave Thomas/David Heinemeier Hansson/Leon Breedt/Mike Clark/Thomas  Fuchs/Andreas  Schwarz,3.84,097669400X,9780976694007,eng,558,1430,59,2005-07-28,Pragmatic Bookshelf,Thomas  Fuchs
45,Agile Web Development with Rails: A Pragmatic Guide,Dave Thomas/David Heinemeier Hansson/Leon Breedt/Mike Clark/Thomas  Fuchs/Andreas  Schwarz,3.84,097669400X,9780976694007,eng,558,1430,59,2005-07-28,Pragmatic Bookshelf,Andreas  Schwarz
50,Hatchet (Brian's Saga  #1),Gary Paulsen,3.72,0689840926,9780689840920,eng,208,270244,12017,2000-04-01,Atheneum Books for Young Readers: Richard Jackson Books,Gary Paulsen
51,"Hatchet: A Guide for Using ""Hatchet"" in the Classroom",Donna Ickes/Edward Sciranko/Keith Vasconcelles,4.0,1557344493,9781557344496,eng,48,36,2,1994-08-28,Teacher Created Resources,Donna Ickes
51,"Hatchet: A Guide for Using ""Hatchet"" in the Classroom",Donna Ickes/Edward Sciranko/Keith Vasconcelles,4.0,1557344493,9781557344496,eng,48,36,2,1994-08-28,Teacher Created Resources,Edward Sciranko
51,"Hatchet: A Guide for Using ""Hatchet"" in the Classroom",Donna Ickes/Edward Sciranko/Keith Vasconcelles,4.0,1557344493,9781557344496,eng,48,36,2,1994-08-28,Teacher Created Resources,Keith Vasconcelles
53,Guts: The True Stories behind Hatchet and the Brian Books,Gary Paulsen,3.88,0385326505,9780385326506,eng,144,2067,334,2001-01-23,Delacorte Press,Gary Paulsen
54,Molly Hatchet - 5 of the Best,Molly Hatchet,4.33,1575606240,9781575606248,eng,56,6,0,2003-06-10,Cherry Lane Music Company,Molly Hatchet
55,Hatchet Jobs: Writings on Contemporary Fiction,Dale Peck,3.45,1595580271,9781595580276,en-US,228,99,16,2005-11-01,The New Press,Dale Peck
57,A Changeling for All Seasons (Changeling Seasons #1),Angela Knight/Sahara Kelly/Judy Mays/Marteeka Karland/Kate Douglas/Shelby Morgen/Lacey Savage/Kate Hill/Willa Okati,3.76,1595962808,9781595962805,eng,304,167,4,2005-11-01,Changeling Press,Angela Knight
57,A Changeling for All Seasons (Changeling Seasons #1),Angela Knight/Sahara Kelly/Judy Mays/Marteeka Karland/Kate Douglas/Shelby Morgen/Lacey Savage/Kate Hill/Willa Okati,3.76,1595962808,9781595962805,eng,304,167,4,2005-11-01,Changeling Press,Sahara Kelly
57,A Changeling for All Seasons (Changeling Seasons #1),Angela Knight/Sahara Kelly/Judy Mays/Marteeka Karland/Kate Douglas/Shelby Morgen/Lacey Savage/Kate Hill/Willa Okati,3.76,1595962808,9781595962805,eng,304,167,4,2005-11-01,Changeling Press,Judy Mays
57,A Changeling for All Seasons (Changeling Seasons #1),Angela Knight/Sahara Kelly/Judy Mays/Marteeka Karland/Kate Douglas/Shelby Morgen/Lacey Savage/Kate Hill/Willa Okati,3.76,1595962808,9781595962805,eng,304,167,4,2005-11-01,Changeling Press,Marteeka Karland
57,A Changeling for All Seasons (Changeling Seasons #1),Angela Knight/Sahara Kelly/Judy Mays/Marteeka Karland/Kate Douglas/Shelby Morgen/Lacey Savage/Kate Hill/Willa Okati,3.76,1595962808,9781595962805,eng,304,167,4,2005-11-01,Changeling Press,Kate Douglas
57,A Changeling for All Seasons (Changeling Seasons #1),Angela Knight/Sahara Kelly/Judy Mays/Marteeka Karland/Kate Douglas/Shelby Morgen/Lacey Savage/Kate Hill/Willa Okati,3.76,1595962808,9781595962805,eng,304,167,4,2005-11-01,Changeling Press,Shelby Morgen
57,A Changeling for All Seasons (Changeling Seasons #1),Angela Knight/Sahara Kelly/Judy Mays/Marteeka Karland/Kate Douglas/Shelby Morgen/Lacey Savage/Kate Hill/Willa Okati,3.76,1595962808,9781595962805,eng,304,167,4,2005-11-01,Changeling Press,Lacey Savage
57,A Changeling for All Seasons (Changeling Seasons #1),Angela Knight/Sahara Kelly/Judy Mays/Marteeka Karland/Kate Douglas/Shelby Morgen/Lacey Savage/Kate Hill/Willa Okati,3.76,1595962808,9781595962805,eng,304,167,4,2005-11-01,Changeling Press,Kate Hill
57,A Changeling for All Seasons (Changeling Seasons #1),Angela Knight/Sahara Kelly/Judy Mays/Marteeka Karland/Kate Douglas/Shelby Morgen/Lacey Savage/Kate Hill/Willa Okati,3.76,1595962808,9781595962805,eng,304,167,4,2005-11-01,Changeling Press,Willa Okati
58,Changeling (Changeling  #1),Delia Sherman,3.6,0670059676,9780670059676,eng,256,978,111,2006-08-17,Viking Juvenile,Delia Sherman
59,The Changeling Sea,Patricia A. McKillip,4.06,0141312629,9780141312620,eng,137,4454,302,2003-04-14,Firebird,Patricia A. McKillip
61,The Changeling,Zilpha Keatley Snyder,4.17,0595321801,9780595321803,eng,228,1176,96,2004-06-08,iUniverse,Zilpha Keatley Snyder
63,The Changeling,Kate Horsley,3.55,1590301943,9781590301944,eng,339,301,43,2005-04-12,Shambhala,Kate Horsley
66,The Changeling (Daughters of England  #15),Philippa Carr,3.98,0449146979,9780449146972,eng,369,345,12,1990-08-28,Ivy Books,Philippa Carr
67,The Known World,Edward P. Jones,3.83,0061159174,9780061159176,eng,388,29686,2626,2006-08-29,Amistad,Edward P. Jones
68,The Known World,Edward P. Jones/Kevin R. Free,3.83,006076273X,9780060762735,en-US,14,55,12,2004-06-15,HarperAudio,Edward P. Jones
68,The Known World,Edward P. Jones/Kevin R. Free,3.83,006076273X,9780060762735,en-US,14,55,12,2004-06-15,HarperAudio,Kevin R. Free
69,The Known World,Edward P. Jones,3.83,0060749911,9780060749910,eng,576,22,3,2004-06-15,Harper,Edward P. Jones
71,Traders  Guns & Money: Knowns and Unknowns in the Dazzling World of Derivatives,Satyajit Das,3.83,0273704745,9780273704744,eng,334,1456,82,2006-05-15,FT Press,Satyajit Das
72,Artesia: Adventures in the Known World,Mark Smylie,4.13,1932386106,9781932386103,eng,352,52,4,2005-12-14,Archaia,Mark Smylie
74,The John McPhee Reader (John McPhee Reader  #1),John McPhee/William Howarth,4.42,0374517193,9780374517199,eng,416,562,37,1982-06-01,Farrar  Straus and Giroux,John McPhee
74,The John McPhee Reader (John McPhee Reader  #1),John McPhee/William Howarth,4.42,0374517193,9780374517199,eng,416,562,37,1982-06-01,Farrar  Straus and Giroux,William Howarth
75,Uncommon Carriers,John McPhee,3.95,0374280398,9780374280390,en-US,248,1630,203,2006-05-16,Farrar Straus Giroux,John McPhee
76,Heirs of General Practice,John McPhee,4.17,0374519749,9780374519742,eng,128,268,22,1986-04-01,Farrar  Straus and Giroux,John McPhee
77,The Control of Nature,John McPhee,4.24,0374522596,9780374522599,en-US,288,3498,305,1990-09-01,Farrar  Straus and Giroux,John McPhee
78,Annals of the Former World,John McPhee,4.34,0374518734,9780374518738,eng,720,3115,228,1999-01-06,Farrar  Straus and Giroux,John McPhee
79,Coming Into the Country,John McPhee,4.22,0374522871,9780374522872,eng,448,5704,261,1991-04-01,Farrar  Straus and Giroux,John McPhee
80,La Place de la Concorde Suisse,John McPhee,3.92,0374519323,9780374519322,fre,160,698,52,1994-04-01,Farrar  Straus and Giroux,John McPhee
81,Giving Good Weight,John McPhee,4.23,0374516006,9780374516000,eng,288,542,36,1994-04-01,Farrar  Straus and Giroux,John McPhee
83,Rising from the Plains,John McPhee,4.23,0374520658,9780374520656,eng,208,1341,98,1987-11-01,Farrar  Straus and Giroux,John McPhee
85,The Heidi Chronicles,Wendy Wasserstein,3.75,0822205106,9780822205104,eng,81,1423,70,2002-03-01,Dramatists Play Service,Wendy Wasserstein
86,The Heidi Chronicles: Uncommon Women and Others & Isn't It Romantic,Wendy Wasserstein,3.84,0679734996,9780679734994,eng,249,2766,64,1991-07-02,Vintage,Wendy Wasserstein
89,Active Literacy Across the Curriculum: Strategies for Reading  Writing  Speaking  and Listening,Heidi Hayes Jacobs,3.94,1596670231,9781596670235,eng,138,31,1,2006-03-29,Routledge,Heidi Hayes Jacobs
90,Simply Beautiful Beaded Jewelry,Heidi Boyd,3.77,1581807740,9781581807745,en-US,128,62,4,2006-03-14,North Light Books,Heidi Boyd
91,Always Enough: God's Miraculous Provision Among the Poorest Children on Earth,Heidi Baker/Rolland Baker,4.46,0800793617,9780800793616,eng,192,860,53,2003-09-01,Chosen Books,Heidi Baker
91,Always Enough: God's Miraculous Provision Among the Poorest Children on Earth,Heidi Baker/Rolland Baker,4.46,0800793617,9780800793616,eng,192,860,53,2003-09-01,Chosen Books,Rolland Baker
92,Mapping the Big Picture: Integrating Curriculum & Assessment K-12,Heidi Hayes Jacobs,3.68,0871202867,9780871202864,en-US,108,77,2,1997-01-28,Association for Supervision & Curriculum Development,Heidi Hayes Jacobs
93,Heidi (Heidi  #1-2),Johanna Spyri/Beverly Cleary/Angelo  Rinaldi,3.99,0753454947,9780753454947,eng,352,153317,2257,2002-11-15,Kingfisher,Johanna Spyri
93,Heidi (Heidi  #1-2),Johanna Spyri/Beverly Cleary/Angelo  Rinaldi,3.99,0753454947,9780753454947,eng,352,153317,2257,2002-11-15,Kingfisher,Beverly Cleary
93,Heidi (Heidi  #1-2),Johanna Spyri/Beverly Cleary/Angelo  Rinaldi,3.99,0753454947,9780753454947,eng,352,153317,2257,2002-11-15,Kingfisher,Angelo  Rinaldi
94,Getting Results with Curriculum Mapping,Heidi Hayes Jacobs,3.25,0871209993,9780871209993,eng,192,55,5,2004-11-15,ASCD,Heidi Hayes Jacobs
96,There's Always Enough: The Miraculous Move of God in Mozambique,Rolland Baker/Heidi Baker,4.46,1852402873,9781852402877,eng,192,34,6,2003-04-28,Sovereign World,Rolland Baker
96,There's Always Enough: The Miraculous Move of God in Mozambique,Rolland Baker/Heidi Baker,4.46,1852402873,9781852402877,eng,192,34,6,2003-04-28,Sovereign World,Heidi Baker
98,What to Expect the First Year (What to Expect),Heidi Murkoff/Sharon Mazel/Arlene Eisenberg/Sandee Hathaway/Mark D. Widome,3.89,0761129588,9780761129585,eng,832,11797,659,2003-10-16,Workman Publishing Company,Heidi Murkoff
98,What to Expect the First Year (What to Expect),Heidi Murkoff/Sharon Mazel/Arlene Eisenberg/Sandee Hathaway/Mark D. Widome,3.89,0761129588,9780761129585,eng,832,11797,659,2003-10-16,Workman Publishing Company,Sharon Mazel
98,What to Expect the First Year (What to Expect),Heidi Murkoff/Sharon Mazel/Arlene Eisenberg/Sandee Hathaway/Mark D. Widome,3.89,0761129588,9780761129585,eng,832,11797,659,2003-10-16,Workman Publishing Company,Arlene Eisenberg
98,What to Expect the First Year (What to Expect),Heidi Murkoff/Sharon Mazel/Arlene Eisenberg/Sandee Hathaway/Mark D. Widome,3.89,0761129588,9780761129585,eng,832,11797,659,2003-10-16,Workman Publishing Company,Sandee Hathaway
98,What to Expect the First Year (What to Expect),Heidi Murkoff/Sharon Mazel/Arlene Eisenberg/Sandee Hathaway/Mark D. Widome,3.89,0761129588,9780761129585,eng,832,11797,659,2003-10-16,Workman Publishing Company,Mark D. Widome
99,The Player's Handbook: The Ultimate Guide on Dating and Relationships,Heidi Fleiss/Libby Keatinge,3.82,0972016414,9780972016414,eng,123,34,8,2004-05-10,One Hour Entertainment,Heidi Fleiss
99,The Player's Handbook: The Ultimate Guide on Dating and Relationships,Heidi Fleiss/Libby Keatinge,3.82,0972016414,9780972016414,eng,123,34,8,2004-05-10,One Hour Entertainment,Libby Keatinge
100,Simply Beautiful Beading: 53 Quick and Easy Projects,Heidi Boyd,3.78,1581805632,9781581805635,en-US,128,78,4,2004-08-19,North Light Books,Heidi Boyd
103,God Emperor of Dune (Dune Chronicles  #4),Frank Herbert,3.84,0441294677,9780441294671,eng,423,2785,166,1987-06-15,Ace Books,Frank Herbert
